image,method,num_gt,num_pred,instance_recall,instance_precision,instance_f1,mean_best_iou,semantic_iou
image_0000,yolo_trained,9.0,8.0,0.8888888888888888,1.0,0.9411764705882353,0.7064306671041273,0.8691146654651949
image_0001,yolo_trained,6.0,5.0,0.8333333333333334,1.0,0.9090909090909091,0.7364072513762427,0.8438487314504548
image_0002,yolo_trained,7.0,7.0,1.0,1.0,1.0,0.7981363021294768,0.9082185273159145
image_0003,yolo_trained,6.0,6.0,1.0,1.0,1.0,0.9209591971634169,0.9277073732718893
image_0004,yolo_trained,6.0,5.0,0.8333333333333334,1.0,0.9090909090909091,0.73305020417494,0.735176321187848
AVERAGE,yolo_trained,6.8,6.2,0.9111111111111111,1.0,0.9518716577540106,0.7789967243896407,0.8568131237382604
